Cluster,Length,StartsWith,EndsWith,IsRepeated
b,1,b,b,False
bb,2,bb,bb,True
bbh,3,bb,bh,False
bc,2,bc,bc,False
bch,3,bc,ch,False
bd,2,bd,bd,False
bdh,3,bd,dh,False
bg,2,bg,bg,False
bgh,3,bg,gh,False
bh,2,bh,bh,False
bhb,3,bh,hb,False
bhbh,4,bh,bh,True
bhc,3,bh,hc,False
bhch,4,bh,ch,False
bhd,3,bh,hd,False
bhdh,4,bh,dh,False
bhg,3,bh,hg,False
bhgh,4,bh,gh,False
bhh,3,bh,hh,False
bhj,3,bh,hj,False
bhjh,4,bh,jh,False
bhk,3,bh,hk,False
bhkh,4,bh,kh,False
bhl,3,bh,hl,False
bhm,3,bh,hm,False
bhn,3,bh,hn,False
bhp,3,bh,hp,False
bhph,4,bh,ph,False
bhr,3,bh,hr,False
bhs,3,bh,hs,False
bht,3,bh,ht,False
bhth,4,bh,th,False
bhv,3,bh,hv,False
bhy,3,bh,hy,False
bhñ,3,bh,hñ,False
bhś,3,bh,hś,False
bhḍ,3,bh,hḍ,False
bhḍh,4,bh,ḍh,False
bhṅ,3,bh,hṅ,False
bhṇ,3,bh,hṇ,False
bhṣ,3,bh,hṣ,False
bhṭ,3,bh,hṭ,False
bhṭh,4,bh,ṭh,False
bj,2,bj,bj,False
bjh,3,bj,jh,False
bk,2,bk,bk,False
bkh,3,bk,kh,False
bl,2,bl,bl,False
bm,2,bm,bm,False
bn,2,bn,bn,False
bp,2,bp,bp,False
bph,3,bp,ph,False
br,2,br,br,False
bs,2,bs,bs,False
bt,2,bt,bt,False
bth,3,bt,th,False
bv,2,bv,bv,False
by,2,by,by,False
bñ,2,bñ,bñ,False
bś,2,bś,bś,False
bḍ,2,bḍ,bḍ,False
bḍh,3,bḍ,ḍh,False
bṅ,2,bṅ,bṅ,False
bṇ,2,bṇ,bṇ,False
bṣ,2,bṣ,bṣ,False
bṭ,2,bṭ,bṭ,False
bṭh,3,bṭ,ṭh,False
c,1,c,c,False
cb,2,cb,cb,False
cbh,3,cb,bh,False
cc,2,cc,cc,True
cch,3,cc,ch,False
cd,2,cd,cd,False
cdh,3,cd,dh,False
cg,2,cg,cg,False
cgh,3,cg,gh,False
ch,2,ch,ch,False
chb,3,ch,hb,False
chbh,4,ch,bh,False
chc,3,ch,hc,False
chch,4,ch,ch,True
chd,3,ch,hd,False
chdh,4,ch,dh,False
chg,3,ch,hg,False
chgh,4,ch,gh,False
chh,3,ch,hh,False
chj,3,ch,hj,False
chjh,4,ch,jh,False
chk,3,ch,hk,False
chkh,4,ch,kh,False
chl,3,ch,hl,False
chm,3,ch,hm,False
chn,3,ch,hn,False
chp,3,ch,hp,False
chph,4,ch,ph,False
chr,3,ch,hr,False
chs,3,ch,hs,False
cht,3,ch,ht,False
chth,4,ch,th,False
chv,3,ch,hv,False
chy,3,ch,hy,False
chñ,3,ch,hñ,False
chś,3,ch,hś,False
chḍ,3,ch,hḍ,False
chḍh,4,ch,ḍh,False
chṅ,3,ch,hṅ,False
chṇ,3,ch,hṇ,False
chṣ,3,ch,hṣ,False
chṭ,3,ch,hṭ,False
chṭh,4,ch,ṭh,False
cj,2,cj,cj,False
cjh,3,cj,jh,False
ck,2,ck,ck,False
ckh,3,ck,kh,False
cl,2,cl,cl,False
cm,2,cm,cm,False
cn,2,cn,cn,False
cp,2,cp,cp,False
cph,3,cp,ph,False
cr,2,cr,cr,False
cs,2,cs,cs,False
ct,2,ct,ct,False
cth,3,ct,th,False
cv,2,cv,cv,False
cy,2,cy,cy,False
cñ,2,cñ,cñ,False
cś,2,cś,cś,False
cḍ,2,cḍ,cḍ,False
cḍh,3,cḍ,ḍh,False
cṅ,2,cṅ,cṅ,False
cṇ,2,cṇ,cṇ,False
cṣ,2,cṣ,cṣ,False
cṭ,2,cṭ,cṭ,False
cṭh,3,cṭ,ṭh,False
d,1,d,d,False
db,2,db,db,False
dbh,3,db,bh,False
dc,2,dc,dc,False
dch,3,dc,ch,False
dd,2,dd,dd,True
ddh,3,dd,dh,False
dg,2,dg,dg,False
dgh,3,dg,gh,False
dh,2,dh,dh,False
dhb,3,dh,hb,False
dhbh,4,dh,bh,False
dhc,3,dh,hc,False
dhch,4,dh,ch,False
dhd,3,dh,hd,False
dhdh,4,dh,dh,True
dhg,3,dh,hg,False
dhgh,4,dh,gh,False
dhh,3,dh,hh,False
dhj,3,dh,hj,False
dhjh,4,dh,jh,False
dhk,3,dh,hk,False
dhkh,4,dh,kh,False
dhl,3,dh,hl,False
dhm,3,dh,hm,False
dhn,3,dh,hn,False
dhp,3,dh,hp,False
dhph,4,dh,ph,False
dhr,3,dh,hr,False
dhs,3,dh,hs,False
dht,3,dh,ht,False
dhth,4,dh,th,False
dhv,3,dh,hv,False
dhy,3,dh,hy,False
dhñ,3,dh,hñ,False
dhś,3,dh,hś,False
dhḍ,3,dh,hḍ,False
dhḍh,4,dh,ḍh,False
dhṅ,3,dh,hṅ,False
dhṇ,3,dh,hṇ,False
dhṣ,3,dh,hṣ,False
dhṭ,3,dh,hṭ,False
dhṭh,4,dh,ṭh,False
dj,2,dj,dj,False
djh,3,dj,jh,False
dk,2,dk,dk,False
dkh,3,dk,kh,False
dl,2,dl,dl,False
dm,2,dm,dm,False
dn,2,dn,dn,False
dp,2,dp,dp,False
dph,3,dp,ph,False
dr,2,dr,dr,False
ds,2,ds,ds,False
dt,2,dt,dt,False
dth,3,dt,th,False
dv,2,dv,dv,False
dy,2,dy,dy,False
dñ,2,dñ,dñ,False
dś,2,dś,dś,False
dḍ,2,dḍ,dḍ,False
dḍh,3,dḍ,ḍh,False
dṅ,2,dṅ,dṅ,False
dṇ,2,dṇ,dṇ,False
dṣ,2,dṣ,dṣ,False
dṭ,2,dṭ,dṭ,False
dṭh,3,dṭ,ṭh,False
g,1,g,g,False
gb,2,gb,gb,False
gbh,3,gb,bh,False
gc,2,gc,gc,False
gch,3,gc,ch,False
gd,2,gd,gd,False
gdh,3,gd,dh,False
gg,2,gg,gg,True
ggh,3,gg,gh,False
gh,2,gh,gh,False
ghb,3,gh,hb,False
ghbh,4,gh,bh,False
ghc,3,gh,hc,False
ghch,4,gh,ch,False
ghd,3,gh,hd,False
ghdh,4,gh,dh,False
ghg,3,gh,hg,False
ghgh,4,gh,gh,True
ghh,3,gh,hh,False
ghj,3,gh,hj,False
ghjh,4,gh,jh,False
ghk,3,gh,hk,False
ghkh,4,gh,kh,False
ghl,3,gh,hl,False
ghm,3,gh,hm,False
ghn,3,gh,hn,False
ghp,3,gh,hp,False
ghph,4,gh,ph,False
ghr,3,gh,hr,False
ghs,3,gh,hs,False
ght,3,gh,ht,False
ghth,4,gh,th,False
ghv,3,gh,hv,False
ghy,3,gh,hy,False
ghñ,3,gh,hñ,False
ghś,3,gh,hś,False
ghḍ,3,gh,hḍ,False
ghḍh,4,gh,ḍh,False
ghṅ,3,gh,hṅ,False
ghṇ,3,gh,hṇ,False
ghṣ,3,gh,hṣ,False
ghṭ,3,gh,hṭ,False
ghṭh,4,gh,ṭh,False
gj,2,gj,gj,False
gjh,3,gj,jh,False
gk,2,gk,gk,False
gkh,3,gk,kh,False
gl,2,gl,gl,False
gm,2,gm,gm,False
gn,2,gn,gn,False
gp,2,gp,gp,False
gph,3,gp,ph,False
gr,2,gr,gr,False
gs,2,gs,gs,False
gt,2,gt,gt,False
gth,3,gt,th,False
gv,2,gv,gv,False
gy,2,gy,gy,False
gñ,2,gñ,gñ,False
gś,2,gś,gś,False
gḍ,2,gḍ,gḍ,False
gḍh,3,gḍ,ḍh,False
gṅ,2,gṅ,gṅ,False
gṇ,2,gṇ,gṇ,False
gṣ,2,gṣ,gṣ,False
gṭ,2,gṭ,gṭ,False
gṭh,3,gṭ,ṭh,False
h,1,h,h,False
hb,2,hb,hb,False
hbh,3,hb,bh,False
hc,2,hc,hc,False
hch,3,hc,ch,False
hd,2,hd,hd,False
hdh,3,hd,dh,False
hg,2,hg,hg,False
hgh,3,hg,gh,False
hh,2,hh,hh,True
hj,2,hj,hj,False
hjh,3,hj,jh,False
hk,2,hk,hk,False
hkh,3,hk,kh,False
hl,2,hl,hl,False
hm,2,hm,hm,False
hn,2,hn,hn,False
hp,2,hp,hp,False
hph,3,hp,ph,False
hr,2,hr,hr,False
hs,2,hs,hs,False
ht,2,ht,ht,False
hth,3,ht,th,False
hv,2,hv,hv,False
hy,2,hy,hy,False
hñ,2,hñ,hñ,False
hś,2,hś,hś,False
hḍ,2,hḍ,hḍ,False
hḍh,3,hḍ,ḍh,False
hṅ,2,hṅ,hṅ,False
hṇ,2,hṇ,hṇ,False
hṣ,2,hṣ,hṣ,False
hṭ,2,hṭ,hṭ,False
hṭh,3,hṭ,ṭh,False
j,1,j,j,False
jb,2,jb,jb,False
jbh,3,jb,bh,False
jc,2,jc,jc,False
jch,3,jc,ch,False
jd,2,jd,jd,False
jdh,3,jd,dh,False
jg,2,jg,jg,False
jgh,3,jg,gh,False
jh,2,jh,jh,False
jhb,3,jh,hb,False
jhbh,4,jh,bh,False
jhc,3,jh,hc,False
jhch,4,jh,ch,False
jhd,3,jh,hd,False
jhdh,4,jh,dh,False
jhg,3,jh,hg,False
jhgh,4,jh,gh,False
jhh,3,jh,hh,False
jhj,3,jh,hj,False
jhjh,4,jh,jh,True
jhk,3,jh,hk,False
jhkh,4,jh,kh,False
jhl,3,jh,hl,False
jhm,3,jh,hm,False
jhn,3,jh,hn,False
jhp,3,jh,hp,False
jhph,4,jh,ph,False
jhr,3,jh,hr,False
jhs,3,jh,hs,False
jht,3,jh,ht,False
jhth,4,jh,th,False
jhv,3,jh,hv,False
jhy,3,jh,hy,False
jhñ,3,jh,hñ,False
jhś,3,jh,hś,False
jhḍ,3,jh,hḍ,False
jhḍh,4,jh,ḍh,False
jhṅ,3,jh,hṅ,False
jhṇ,3,jh,hṇ,False
jhṣ,3,jh,hṣ,False
jhṭ,3,jh,hṭ,False
jhṭh,4,jh,ṭh,False
jj,2,jj,jj,True
jjh,3,jj,jh,False
jk,2,jk,jk,False
jkh,3,jk,kh,False
jl,2,jl,jl,False
jm,2,jm,jm,False
jn,2,jn,jn,False
jp,2,jp,jp,False
jph,3,jp,ph,False
jr,2,jr,jr,False
js,2,js,js,False
jt,2,jt,jt,False
jth,3,jt,th,False
jv,2,jv,jv,False
jy,2,jy,jy,False
jñ,2,jñ,jñ,False
jś,2,jś,jś,False
jḍ,2,jḍ,jḍ,False
jḍh,3,jḍ,ḍh,False
jṅ,2,jṅ,jṅ,False
jṇ,2,jṇ,jṇ,False
jṣ,2,jṣ,jṣ,False
jṭ,2,jṭ,jṭ,False
jṭh,3,jṭ,ṭh,False
k,1,k,k,False
kb,2,kb,kb,False
kbh,3,kb,bh,False
kc,2,kc,kc,False
kch,3,kc,ch,False
kd,2,kd,kd,False
kdh,3,kd,dh,False
kg,2,kg,kg,False
kgh,3,kg,gh,False
kh,2,kh,kh,False
khb,3,kh,hb,False
khbh,4,kh,bh,False
khc,3,kh,hc,False
khch,4,kh,ch,False
khd,3,kh,hd,False
khdh,4,kh,dh,False
khg,3,kh,hg,False
khgh,4,kh,gh,False
khh,3,kh,hh,False
khj,3,kh,hj,False
khjh,4,kh,jh,False
khk,3,kh,hk,False
khkh,4,kh,kh,True
khl,3,kh,hl,False
khm,3,kh,hm,False
khn,3,kh,hn,False
khp,3,kh,hp,False
khph,4,kh,ph,False
khr,3,kh,hr,False
khs,3,kh,hs,False
kht,3,kh,ht,False
khth,4,kh,th,False
khv,3,kh,hv,False
khy,3,kh,hy,False
khñ,3,kh,hñ,False
khś,3,kh,hś,False
khḍ,3,kh,hḍ,False
khḍh,4,kh,ḍh,False
khṅ,3,kh,hṅ,False
khṇ,3,kh,hṇ,False
khṣ,3,kh,hṣ,False
khṭ,3,kh,hṭ,False
khṭh,4,kh,ṭh,False
kj,2,kj,kj,False
kjh,3,kj,jh,False
kk,2,kk,kk,True
kkh,3,kk,kh,False
kl,2,kl,kl,False
km,2,km,km,False
kn,2,kn,kn,False
kp,2,kp,kp,False
kph,3,kp,ph,False
kr,2,kr,kr,False
ks,2,ks,ks,False
kt,2,kt,kt,False
kth,3,kt,th,False
kv,2,kv,kv,False
ky,2,ky,ky,False
kñ,2,kñ,kñ,False
kś,2,kś,kś,False
kḍ,2,kḍ,kḍ,False
kḍh,3,kḍ,ḍh,False
kṅ,2,kṅ,kṅ,False
kṇ,2,kṇ,kṇ,False
kṣ,2,kṣ,kṣ,False
kṭ,2,kṭ,kṭ,False
kṭh,3,kṭ,ṭh,False
l,1,l,l,False
lb,2,lb,lb,False
lbh,3,lb,bh,False
lc,2,lc,lc,False
lch,3,lc,ch,False
ld,2,ld,ld,False
ldh,3,ld,dh,False
lg,2,lg,lg,False
lgh,3,lg,gh,False
lh,2,lh,lh,False
lj,2,lj,lj,False
ljh,3,lj,jh,False
lk,2,lk,lk,False
lkh,3,lk,kh,False
ll,2,ll,ll,True
lm,2,lm,lm,False
ln,2,ln,ln,False
lp,2,lp,lp,False
lph,3,lp,ph,False
lr,2,lr,lr,False
ls,2,ls,ls,False
lt,2,lt,lt,False
lth,3,lt,th,False
lv,2,lv,lv,False
ly,2,ly,ly,False
lñ,2,lñ,lñ,False
lś,2,lś,lś,False
lḍ,2,lḍ,lḍ,False
lḍh,3,lḍ,ḍh,False
lṅ,2,lṅ,lṅ,False
lṇ,2,lṇ,lṇ,False
lṣ,2,lṣ,lṣ,False
lṭ,2,lṭ,lṭ,False
lṭh,3,lṭ,ṭh,False
m,1,m,m,False
mb,2,mb,mb,False
mbh,3,mb,bh,False
mc,2,mc,mc,False
mch,3,mc,ch,False
md,2,md,md,False
mdh,3,md,dh,False
mg,2,mg,mg,False
mgh,3,mg,gh,False
mh,2,mh,mh,False
mj,2,mj,mj,False
mjh,3,mj,jh,False
mk,2,mk,mk,False
mkh,3,mk,kh,False
ml,2,ml,ml,False
mm,2,mm,mm,True
mn,2,mn,mn,False
mp,2,mp,mp,False
mph,3,mp,ph,False
mr,2,mr,mr,False
ms,2,ms,ms,False
mt,2,mt,mt,False
mth,3,mt,th,False
mv,2,mv,mv,False
my,2,my,my,False
mñ,2,mñ,mñ,False
mś,2,mś,mś,False
mḍ,2,mḍ,mḍ,False
mḍh,3,mḍ,ḍh,False
mṅ,2,mṅ,mṅ,False
mṇ,2,mṇ,mṇ,False
mṣ,2,mṣ,mṣ,False
mṭ,2,mṭ,mṭ,False
mṭh,3,mṭ,ṭh,False
n,1,n,n,False
nb,2,nb,nb,False
nbh,3,nb,bh,False
nc,2,nc,nc,False
nch,3,nc,ch,False
nd,2,nd,nd,False
ndh,3,nd,dh,False
ng,2,ng,ng,False
ngh,3,ng,gh,False
nh,2,nh,nh,False
nj,2,nj,nj,False
njh,3,nj,jh,False
nk,2,nk,nk,False
nkh,3,nk,kh,False
nl,2,nl,nl,False
nm,2,nm,nm,False
nn,2,nn,nn,True
np,2,np,np,False
nph,3,np,ph,False
nr,2,nr,nr,False
ns,2,ns,ns,False
nt,2,nt,nt,False
nth,3,nt,th,False
nv,2,nv,nv,False
ny,2,ny,ny,False
nñ,2,nñ,nñ,False
nś,2,nś,nś,False
nḍ,2,nḍ,nḍ,False
nḍh,3,nḍ,ḍh,False
nṅ,2,nṅ,nṅ,False
nṇ,2,nṇ,nṇ,False
nṣ,2,nṣ,nṣ,False
nṭ,2,nṭ,nṭ,False
nṭh,3,nṭ,ṭh,False
p,1,p,p,False
pb,2,pb,pb,False
pbh,3,pb,bh,False
pc,2,pc,pc,False
pch,3,pc,ch,False
pd,2,pd,pd,False
pdh,3,pd,dh,False
pg,2,pg,pg,False
pgh,3,pg,gh,False
ph,2,ph,ph,False
phb,3,ph,hb,False
phbh,4,ph,bh,False
phc,3,ph,hc,False
phch,4,ph,ch,False
phd,3,ph,hd,False
phdh,4,ph,dh,False
phg,3,ph,hg,False
phgh,4,ph,gh,False
phh,3,ph,hh,False
phj,3,ph,hj,False
phjh,4,ph,jh,False
phk,3,ph,hk,False
phkh,4,ph,kh,False
phl,3,ph,hl,False
phm,3,ph,hm,False
phn,3,ph,hn,False
php,3,ph,hp,False
phph,4,ph,ph,True
phr,3,ph,hr,False
phs,3,ph,hs,False
pht,3,ph,ht,False
phth,4,ph,th,False
phv,3,ph,hv,False
phy,3,ph,hy,False
phñ,3,ph,hñ,False
phś,3,ph,hś,False
phḍ,3,ph,hḍ,False
phḍh,4,ph,ḍh,False
phṅ,3,ph,hṅ,False
phṇ,3,ph,hṇ,False
phṣ,3,ph,hṣ,False
phṭ,3,ph,hṭ,False
phṭh,4,ph,ṭh,False
pj,2,pj,pj,False
pjh,3,pj,jh,False
pk,2,pk,pk,False
pkh,3,pk,kh,False
pl,2,pl,pl,False
pm,2,pm,pm,False
pn,2,pn,pn,False
pp,2,pp,pp,True
pph,3,pp,ph,False
pr,2,pr,pr,False
ps,2,ps,ps,False
pt,2,pt,pt,False
pth,3,pt,th,False
pv,2,pv,pv,False
py,2,py,py,False
pñ,2,pñ,pñ,False
pś,2,pś,pś,False
pḍ,2,pḍ,pḍ,False
pḍh,3,pḍ,ḍh,False
pṅ,2,pṅ,pṅ,False
pṇ,2,pṇ,pṇ,False
pṣ,2,pṣ,pṣ,False
pṭ,2,pṭ,pṭ,False
pṭh,3,pṭ,ṭh,False
r,1,r,r,False
rb,2,rb,rb,False
rbh,3,rb,bh,False
rc,2,rc,rc,False
rch,3,rc,ch,False
rd,2,rd,rd,False
rdh,3,rd,dh,False
rg,2,rg,rg,False
rgh,3,rg,gh,False
rh,2,rh,rh,False
rj,2,rj,rj,False
rjh,3,rj,jh,False
rk,2,rk,rk,False
rkh,3,rk,kh,False
rl,2,rl,rl,False
rm,2,rm,rm,False
rn,2,rn,rn,False
rp,2,rp,rp,False
rph,3,rp,ph,False
rr,2,rr,rr,True
rs,2,rs,rs,False
rt,2,rt,rt,False
rth,3,rt,th,False
rv,2,rv,rv,False
ry,2,ry,ry,False
rñ,2,rñ,rñ,False
rś,2,rś,rś,False
rḍ,2,rḍ,rḍ,False
rḍh,3,rḍ,ḍh,False
rṅ,2,rṅ,rṅ,False
rṇ,2,rṇ,rṇ,False
rṣ,2,rṣ,rṣ,False
rṭ,2,rṭ,rṭ,False
rṭh,3,rṭ,ṭh,False
s,1,s,s,False
sb,2,sb,sb,False
sbh,3,sb,bh,False
sc,2,sc,sc,False
sch,3,sc,ch,False
sd,2,sd,sd,False
sdh,3,sd,dh,False
sg,2,sg,sg,False
sgh,3,sg,gh,False
sh,2,sh,sh,False
sj,2,sj,sj,False
sjh,3,sj,jh,False
sk,2,sk,sk,False
skh,3,sk,kh,False
sl,2,sl,sl,False
sm,2,sm,sm,False
sn,2,sn,sn,False
sp,2,sp,sp,False
sph,3,sp,ph,False
sr,2,sr,sr,False
ss,2,ss,ss,True
st,2,st,st,False
sth,3,st,th,False
sv,2,sv,sv,False
sy,2,sy,sy,False
sñ,2,sñ,sñ,False
sś,2,sś,sś,False
sḍ,2,sḍ,sḍ,False
sḍh,3,sḍ,ḍh,False
sṅ,2,sṅ,sṅ,False
sṇ,2,sṇ,sṇ,False
sṣ,2,sṣ,sṣ,False
sṭ,2,sṭ,sṭ,False
sṭh,3,sṭ,ṭh,False
t,1,t,t,False
tb,2,tb,tb,False
tbh,3,tb,bh,False
tc,2,tc,tc,False
tch,3,tc,ch,False
td,2,td,td,False
tdh,3,td,dh,False
tg,2,tg,tg,False
tgh,3,tg,gh,False
th,2,th,th,False
thb,3,th,hb,False
thbh,4,th,bh,False
thc,3,th,hc,False
thch,4,th,ch,False
thd,3,th,hd,False
thdh,4,th,dh,False
thg,3,th,hg,False
thgh,4,th,gh,False
thh,3,th,hh,False
thj,3,th,hj,False
thjh,4,th,jh,False
thk,3,th,hk,False
thkh,4,th,kh,False
thl,3,th,hl,False
thm,3,th,hm,False
thn,3,th,hn,False
thp,3,th,hp,False
thph,4,th,ph,False
thr,3,th,hr,False
ths,3,th,hs,False
tht,3,th,ht,False
thth,4,th,th,True
thv,3,th,hv,False
thy,3,th,hy,False
thñ,3,th,hñ,False
thś,3,th,hś,False
thḍ,3,th,hḍ,False
thḍh,4,th,ḍh,False
thṅ,3,th,hṅ,False
thṇ,3,th,hṇ,False
thṣ,3,th,hṣ,False
thṭ,3,th,hṭ,False
thṭh,4,th,ṭh,False
tj,2,tj,tj,False
tjh,3,tj,jh,False
tk,2,tk,tk,False
tkh,3,tk,kh,False
tl,2,tl,tl,False
tm,2,tm,tm,False
tn,2,tn,tn,False
tp,2,tp,tp,False
tph,3,tp,ph,False
tr,2,tr,tr,False
ts,2,ts,ts,False
tt,2,tt,tt,True
tth,3,tt,th,False
tv,2,tv,tv,False
ty,2,ty,ty,False
tñ,2,tñ,tñ,False
tś,2,tś,tś,False
tḍ,2,tḍ,tḍ,False
tḍh,3,tḍ,ḍh,False
tṅ,2,tṅ,tṅ,False
tṇ,2,tṇ,tṇ,False
tṣ,2,tṣ,tṣ,False
tṭ,2,tṭ,tṭ,False
tṭh,3,tṭ,ṭh,False
v,1,v,v,False
vb,2,vb,vb,False
vbh,3,vb,bh,False
vc,2,vc,vc,False
vch,3,vc,ch,False
vd,2,vd,vd,False
vdh,3,vd,dh,False
vg,2,vg,vg,False
vgh,3,vg,gh,False
vh,2,vh,vh,False
vj,2,vj,vj,False
vjh,3,vj,jh,False
vk,2,vk,vk,False
vkh,3,vk,kh,False
vl,2,vl,vl,False
vm,2,vm,vm,False
vn,2,vn,vn,False
vp,2,vp,vp,False
vph,3,vp,ph,False
vr,2,vr,vr,False
vs,2,vs,vs,False
vt,2,vt,vt,False
vth,3,vt,th,False
vv,2,vv,vv,True
vy,2,vy,vy,False
vñ,2,vñ,vñ,False
vś,2,vś,vś,False
vḍ,2,vḍ,vḍ,False
vḍh,3,vḍ,ḍh,False
vṅ,2,vṅ,vṅ,False
vṇ,2,vṇ,vṇ,False
vṣ,2,vṣ,vṣ,False
vṭ,2,vṭ,vṭ,False
vṭh,3,vṭ,ṭh,False
y,1,y,y,False
yb,2,yb,yb,False
ybh,3,yb,bh,False
yc,2,yc,yc,False
ych,3,yc,ch,False
yd,2,yd,yd,False
ydh,3,yd,dh,False
yg,2,yg,yg,False
ygh,3,yg,gh,False
yh,2,yh,yh,False
yj,2,yj,yj,False
yjh,3,yj,jh,False
yk,2,yk,yk,False
ykh,3,yk,kh,False
yl,2,yl,yl,False
ym,2,ym,ym,False
yn,2,yn,yn,False
yp,2,yp,yp,False
yph,3,yp,ph,False
yr,2,yr,yr,False
ys,2,ys,ys,False
yt,2,yt,yt,False
yth,3,yt,th,False
yv,2,yv,yv,False
yy,2,yy,yy,True
yñ,2,yñ,yñ,False
yś,2,yś,yś,False
yḍ,2,yḍ,yḍ,False
yḍh,3,yḍ,ḍh,False
yṅ,2,yṅ,yṅ,False
yṇ,2,yṇ,yṇ,False
yṣ,2,yṣ,yṣ,False
yṭ,2,yṭ,yṭ,False
yṭh,3,yṭ,ṭh,False
ñ,1,ñ,ñ,False
ñb,2,ñb,ñb,False
ñbh,3,ñb,bh,False
ñc,2,ñc,ñc,False
ñch,3,ñc,ch,False
ñd,2,ñd,ñd,False
ñdh,3,ñd,dh,False
ñg,2,ñg,ñg,False
ñgh,3,ñg,gh,False
ñh,2,ñh,ñh,False
ñj,2,ñj,ñj,False
ñjh,3,ñj,jh,False
ñk,2,ñk,ñk,False
ñkh,3,ñk,kh,False
ñl,2,ñl,ñl,False
ñm,2,ñm,ñm,False
ñn,2,ñn,ñn,False
ñp,2,ñp,ñp,False
ñph,3,ñp,ph,False
ñr,2,ñr,ñr,False
ñs,2,ñs,ñs,False
ñt,2,ñt,ñt,False
ñth,3,ñt,th,False
ñv,2,ñv,ñv,False
ñy,2,ñy,ñy,False
ññ,2,ññ,ññ,True
ñś,2,ñś,ñś,False
ñḍ,2,ñḍ,ñḍ,False
ñḍh,3,ñḍ,ḍh,False
ñṅ,2,ñṅ,ñṅ,False
ñṇ,2,ñṇ,ñṇ,False
ñṣ,2,ñṣ,ñṣ,False
ñṭ,2,ñṭ,ñṭ,False
ñṭh,3,ñṭ,ṭh,False
ś,1,ś,ś,False
śb,2,śb,śb,False
śbh,3,śb,bh,False
śc,2,śc,śc,False
śch,3,śc,ch,False
śd,2,śd,śd,False
śdh,3,śd,dh,False
śg,2,śg,śg,False
śgh,3,śg,gh,False
śh,2,śh,śh,False
śj,2,śj,śj,False
śjh,3,śj,jh,False
śk,2,śk,śk,False
śkh,3,śk,kh,False
śl,2,śl,śl,False
śm,2,śm,śm,False
śn,2,śn,śn,False
śp,2,śp,śp,False
śph,3,śp,ph,False
śr,2,śr,śr,False
śs,2,śs,śs,False
śt,2,śt,śt,False
śth,3,śt,th,False
śv,2,śv,śv,False
śy,2,śy,śy,False
śñ,2,śñ,śñ,False
śś,2,śś,śś,True
śḍ,2,śḍ,śḍ,False
śḍh,3,śḍ,ḍh,False
śṅ,2,śṅ,śṅ,False
śṇ,2,śṇ,śṇ,False
śṣ,2,śṣ,śṣ,False
śṭ,2,śṭ,śṭ,False
śṭh,3,śṭ,ṭh,False
ḍ,1,ḍ,ḍ,False
ḍb,2,ḍb,ḍb,False
ḍbh,3,ḍb,bh,False
ḍc,2,ḍc,ḍc,False
ḍch,3,ḍc,ch,False
ḍd,2,ḍd,ḍd,False
ḍdh,3,ḍd,dh,False
ḍg,2,ḍg,ḍg,False
ḍgh,3,ḍg,gh,False
ḍh,2,ḍh,ḍh,False
ḍhb,3,ḍh,hb,False
ḍhbh,4,ḍh,bh,False
ḍhc,3,ḍh,hc,False
ḍhch,4,ḍh,ch,False
ḍhd,3,ḍh,hd,False
ḍhdh,4,ḍh,dh,False
ḍhg,3,ḍh,hg,False
ḍhgh,4,ḍh,gh,False
ḍhh,3,ḍh,hh,False
ḍhj,3,ḍh,hj,False
ḍhjh,4,ḍh,jh,False
ḍhk,3,ḍh,hk,False
ḍhkh,4,ḍh,kh,False
ḍhl,3,ḍh,hl,False
ḍhm,3,ḍh,hm,False
ḍhn,3,ḍh,hn,False
ḍhp,3,ḍh,hp,False
ḍhph,4,ḍh,ph,False
ḍhr,3,ḍh,hr,False
ḍhs,3,ḍh,hs,False
ḍht,3,ḍh,ht,False
ḍhth,4,ḍh,th,False
ḍhv,3,ḍh,hv,False
ḍhy,3,ḍh,hy,False
ḍhñ,3,ḍh,hñ,False
ḍhś,3,ḍh,hś,False
ḍhḍ,3,ḍh,hḍ,False
ḍhḍh,4,ḍh,ḍh,True
ḍhṅ,3,ḍh,hṅ,False
ḍhṇ,3,ḍh,hṇ,False
ḍhṣ,3,ḍh,hṣ,False
ḍhṭ,3,ḍh,hṭ,False
ḍhṭh,4,ḍh,ṭh,False
ḍj,2,ḍj,ḍj,False
ḍjh,3,ḍj,jh,False
ḍk,2,ḍk,ḍk,False
ḍkh,3,ḍk,kh,False
ḍl,2,ḍl,ḍl,False
ḍm,2,ḍm,ḍm,False
ḍn,2,ḍn,ḍn,False
ḍp,2,ḍp,ḍp,False
ḍph,3,ḍp,ph,False
ḍr,2,ḍr,ḍr,False
ḍs,2,ḍs,ḍs,False
ḍt,2,ḍt,ḍt,False
ḍth,3,ḍt,th,False
ḍv,2,ḍv,ḍv,False
ḍy,2,ḍy,ḍy,False
ḍñ,2,ḍñ,ḍñ,False
ḍś,2,ḍś,ḍś,False
ḍḍ,2,ḍḍ,ḍḍ,True
ḍḍh,3,ḍḍ,ḍh,False
ḍṅ,2,ḍṅ,ḍṅ,False
ḍṇ,2,ḍṇ,ḍṇ,False
ḍṣ,2,ḍṣ,ḍṣ,False
ḍṭ,2,ḍṭ,ḍṭ,False
ḍṭh,3,ḍṭ,ṭh,False
ṅ,1,ṅ,ṅ,False
ṅb,2,ṅb,ṅb,False
ṅbh,3,ṅb,bh,False
ṅc,2,ṅc,ṅc,False
ṅch,3,ṅc,ch,False
ṅd,2,ṅd,ṅd,False
ṅdh,3,ṅd,dh,False
ṅg,2,ṅg,ṅg,False
ṅgh,3,ṅg,gh,False
ṅh,2,ṅh,ṅh,False
ṅj,2,ṅj,ṅj,False
ṅjh,3,ṅj,jh,False
ṅk,2,ṅk,ṅk,False
ṅkh,3,ṅk,kh,False
ṅl,2,ṅl,ṅl,False
ṅm,2,ṅm,ṅm,False
ṅn,2,ṅn,ṅn,False
ṅp,2,ṅp,ṅp,False
ṅph,3,ṅp,ph,False
ṅr,2,ṅr,ṅr,False
ṅs,2,ṅs,ṅs,False
ṅt,2,ṅt,ṅt,False
ṅth,3,ṅt,th,False
ṅv,2,ṅv,ṅv,False
ṅy,2,ṅy,ṅy,False
ṅñ,2,ṅñ,ṅñ,False
ṅś,2,ṅś,ṅś,False
ṅḍ,2,ṅḍ,ṅḍ,False
ṅḍh,3,ṅḍ,ḍh,False
ṅṅ,2,ṅṅ,ṅṅ,True
ṅṇ,2,ṅṇ,ṅṇ,False
ṅṣ,2,ṅṣ,ṅṣ,False
ṅṭ,2,ṅṭ,ṅṭ,False
ṅṭh,3,ṅṭ,ṭh,False
ṇ,1,ṇ,ṇ,False
ṇb,2,ṇb,ṇb,False
ṇbh,3,ṇb,bh,False
ṇc,2,ṇc,ṇc,False
ṇch,3,ṇc,ch,False
ṇd,2,ṇd,ṇd,False
ṇdh,3,ṇd,dh,False
ṇg,2,ṇg,ṇg,False
ṇgh,3,ṇg,gh,False
ṇh,2,ṇh,ṇh,False
ṇj,2,ṇj,ṇj,False
ṇjh,3,ṇj,jh,False
ṇk,2,ṇk,ṇk,False
ṇkh,3,ṇk,kh,False
ṇl,2,ṇl,ṇl,False
ṇm,2,ṇm,ṇm,False
ṇn,2,ṇn,ṇn,False
ṇp,2,ṇp,ṇp,False
ṇph,3,ṇp,ph,False
ṇr,2,ṇr,ṇr,False
ṇs,2,ṇs,ṇs,False
ṇt,2,ṇt,ṇt,False
ṇth,3,ṇt,th,False
ṇv,2,ṇv,ṇv,False
ṇy,2,ṇy,ṇy,False
ṇñ,2,ṇñ,ṇñ,False
ṇś,2,ṇś,ṇś,False
ṇḍ,2,ṇḍ,ṇḍ,False
ṇḍh,3,ṇḍ,ḍh,False
ṇṅ,2,ṇṅ,ṇṅ,False
ṇṇ,2,ṇṇ,ṇṇ,True
ṇṣ,2,ṇṣ,ṇṣ,False
ṇṭ,2,ṇṭ,ṇṭ,False
ṇṭh,3,ṇṭ,ṭh,False
ṣ,1,ṣ,ṣ,False
ṣb,2,ṣb,ṣb,False
ṣbh,3,ṣb,bh,False
ṣc,2,ṣc,ṣc,False
ṣch,3,ṣc,ch,False
ṣd,2,ṣd,ṣd,False
ṣdh,3,ṣd,dh,False
ṣg,2,ṣg,ṣg,False
ṣgh,3,ṣg,gh,False
ṣh,2,ṣh,ṣh,False
ṣj,2,ṣj,ṣj,False
ṣjh,3,ṣj,jh,False
ṣk,2,ṣk,ṣk,False
ṣkh,3,ṣk,kh,False
ṣl,2,ṣl,ṣl,False
ṣm,2,ṣm,ṣm,False
ṣn,2,ṣn,ṣn,False
ṣp,2,ṣp,ṣp,False
ṣph,3,ṣp,ph,False
ṣr,2,ṣr,ṣr,False
ṣs,2,ṣs,ṣs,False
ṣt,2,ṣt,ṣt,False
ṣth,3,ṣt,th,False
ṣv,2,ṣv,ṣv,False
ṣy,2,ṣy,ṣy,False
ṣñ,2,ṣñ,ṣñ,False
ṣś,2,ṣś,ṣś,False
ṣḍ,2,ṣḍ,ṣḍ,False
ṣḍh,3,ṣḍ,ḍh,False
ṣṅ,2,ṣṅ,ṣṅ,False
ṣṇ,2,ṣṇ,ṣṇ,False
ṣṣ,2,ṣṣ,ṣṣ,True
ṣṭ,2,ṣṭ,ṣṭ,False
ṣṭh,3,ṣṭ,ṭh,False
ṭ,1,ṭ,ṭ,False
ṭb,2,ṭb,ṭb,False
ṭbh,3,ṭb,bh,False
ṭc,2,ṭc,ṭc,False
ṭch,3,ṭc,ch,False
ṭd,2,ṭd,ṭd,False
ṭdh,3,ṭd,dh,False
ṭg,2,ṭg,ṭg,False
ṭgh,3,ṭg,gh,False
ṭh,2,ṭh,ṭh,False
ṭhb,3,ṭh,hb,False
ṭhbh,4,ṭh,bh,False
ṭhc,3,ṭh,hc,False
ṭhch,4,ṭh,ch,False
ṭhd,3,ṭh,hd,False
ṭhdh,4,ṭh,dh,False
ṭhg,3,ṭh,hg,False
ṭhgh,4,ṭh,gh,False
ṭhh,3,ṭh,hh,False
ṭhj,3,ṭh,hj,False
ṭhjh,4,ṭh,jh,False
ṭhk,3,ṭh,hk,False
ṭhkh,4,ṭh,kh,False
ṭhl,3,ṭh,hl,False
ṭhm,3,ṭh,hm,False
ṭhn,3,ṭh,hn,False
ṭhp,3,ṭh,hp,False
ṭhph,4,ṭh,ph,False
ṭhr,3,ṭh,hr,False
ṭhs,3,ṭh,hs,False
ṭht,3,ṭh,ht,False
ṭhth,4,ṭh,th,False
ṭhv,3,ṭh,hv,False
ṭhy,3,ṭh,hy,False
ṭhñ,3,ṭh,hñ,False
ṭhś,3,ṭh,hś,False
ṭhḍ,3,ṭh,hḍ,False
ṭhḍh,4,ṭh,ḍh,False
ṭhṅ,3,ṭh,hṅ,False
ṭhṇ,3,ṭh,hṇ,False
ṭhṣ,3,ṭh,hṣ,False
ṭhṭ,3,ṭh,hṭ,False
ṭhṭh,4,ṭh,ṭh,True
ṭj,2,ṭj,ṭj,False
ṭjh,3,ṭj,jh,False
ṭk,2,ṭk,ṭk,False
ṭkh,3,ṭk,kh,False
ṭl,2,ṭl,ṭl,False
ṭm,2,ṭm,ṭm,False
ṭn,2,ṭn,ṭn,False
ṭp,2,ṭp,ṭp,False
ṭph,3,ṭp,ph,False
ṭr,2,ṭr,ṭr,False
ṭs,2,ṭs,ṭs,False
ṭt,2,ṭt,ṭt,False
ṭth,3,ṭt,th,False
ṭv,2,ṭv,ṭv,False
ṭy,2,ṭy,ṭy,False
ṭñ,2,ṭñ,ṭñ,False
ṭś,2,ṭś,ṭś,False
ṭḍ,2,ṭḍ,ṭḍ,False
ṭḍh,3,ṭḍ,ḍh,False
ṭṅ,2,ṭṅ,ṭṅ,False
ṭṇ,2,ṭṇ,ṭṇ,False
ṭṣ,2,ṭṣ,ṭṣ,False
ṭṭ,2,ṭṭ,ṭṭ,True
ṭṭh,3,ṭṭ,ṭh,False
